wavelength_nm,n,k,T,R,d_nm
300.0,2.04756369105305,1.9881647208456033,2.4335242230857127e-33,0.38142141379380584,900
303.75,2.1285503360622,1.981381661421229,7.663571313671945e-33,0.3791463253634728,900
307.5,2.210224561223354,1.968814935840262,2.903091475164811e-32,0.376601386102955,900
311.25,2.2919521917886474,1.9501862919968593,1.3277448498667465e-31,0.3737910740747302,900
315.0,2.3730233737538966,1.9253115199851298,7.332380836212636e-31,0.37072238371118993,900
318.75,2.4526699857309398,1.8941217808023487,4.869954676093017e-30,0.3674050113552519,900
322.5,2.530089743056889,1.8566810437160257,3.8572981214863315e-29,0.36385144159733096,900
326.25,2.6044759405124682,1.813197265009911,3.596208199229886e-28,0.3600769143055225,900
330.0,2.6750508396537245,1.764025296995607,3.877914570182938e-27,0.35609926037490347,900
333.75,2.7410999212589604,1.7096602874621538,4.7336751496262057e-26,0.35193860537888494,900
337.5,2.8020037931919406,1.65072143049197,6.3811281462619035e-25,0.34761695308768414,900
341.25,2.857264612700909,1.5879271706430444,9.24648364425568e-24,0.3431576732325295,900
345.0,2.906524481238059,1.522064093417224,1.4003653397681257e-22,0.33858492779015115,900
348.75,2.9495742964019476,1.453952515283451,2.1554183828278236e-21,0.3339230756815459,900
352.5,2.9863527870916844,1.384412059740847,3.282465639794219e-20,0.32919609622165613,900
356.25,3.0169366563409015,1.3142302450594607,4.825258652560497e-19,0.3244270670992531,900
360.0,3.041523685057415,1.2441364167281408,6.698789644728857e-18,0.31963772425813675,900
363.75,3.0604111734826556,1.1747824216609872,8.621060364778937e-17,0.3148481205414686,900
367.5,3.073972192722487,1.1067304520885244,1.0131372990549153e-15,0.31007638921515074,900
371.25,3.082631858988161,1.0404476583594031,1.0747110679407328e-14,0.30533860905493426,900
375.0,3.08684535569182,0.9763065446246272,1.0205682454548453e-13,0.30064876054876816,900
378.75,3.0870788503455957,0.9145898472219515,8.630501650232018e-13,0.29601875829489055,900
382.5,3.083793897290157,0.855498521622332,6.482323863565857e-12,0.29145854271858435,900
386.25,3.0774354563216395,0.7991615666257094,4.322590345926829e-11,0.28697621429980297,900
390.0,3.06842332318794,0.7456466226048177,2.5625715010731347e-10,0.2825781949264487,900
393.75,3.057146560859043,0.6949705312804787,1.3543775231225445e-09,0.278269403353964,900
397.5,3.043960421242765,0.6471092919496407,6.406344013898706e-09,0.274053436486822,900
401.25,3.029185228228192,0.6020070655308191,2.724535349102691e-08,0.26993275276469725,900
405.0,3.013106726959501,0.5595840506671451,1.0471535293010262e-07,0.26590882286219586,900
408.75,2.9959774676521604,0.5197431835776436,3.656929755485428e-07,0.2619821609173291,900
412.5,2.9780188675404324,0.4823756998871231,1.1668640471222223e-06,0.25815249444699123,900
416.25,2.9594236699818888,0.4473656497555339,3.4208194057118748e-06,0.25442003189196377,900
420.0,2.9403585884654313,0.4145934853708896,9.264283746149674e-06,0.2507864498230445,900
423.75,2.920966981970971,0.3839388496849388,2.33002211928446e-05,0.24724842024773414,900
427.5,2.901371455895241,0.3552826932921842,5.4699724034372055e-05,0.2437868005470685,900
431.25,2.8816763201034243,0.32850883729015284,0.00012044572678930048,0.24038813849803578,900
435.0,2.861969863842583,0.30350508720999625,0.0002498786034422595,0.237110124095628,900
438.75,2.8423264277904114,0.2801639889823053,0.000490438380129836,0.23406450212066415,900
442.5,2.822808267944554,0.25838330387543146,0.0009143302935604278,0.23118691127092664,900
446.25,2.8034672157700626,0.23806626627399752,0.0016260221394304294,0.22806004287470555,900
450.0,2.7843461451943043,0.21912167649224176,0.0027695087731486306,0.22433965150229176,900
453.75,2.765480260627188,0.20146387070164748,0.0045297938990085775,0.22062381944118972,900
457.5,2.7468982219414784,0.1850126014846139,0.007121835742337841,0.21845324356901505,900
461.25,2.728623122847294,0.1696928553980432,0.010779519661840311,0.21852564098878208,900
465.0,2.7106733387632906,0.15543462808703948,0.015782605962344567,0.2187475446614396,900
468.75,2.693063259434532,0.1421726727577947,0.022519695235707324,0.21516473406228226,900
472.5,2.675803920392452,0.12984623403144296,0.031474743247059095,0.20596646187707934,900
476.25,2.6589035460452184,0.11839877620269852,0.042993050094635034,0.19507222187623155,900
480.0,2.6423680158229184,0.10777771258391303,0.05690469354307927,0.1910490166221721,900
483.75,2.6262012634369434,0.0979341408156292,0.07253559387033501,0.19965977731040188,900
487.5,2.6104056179665998,0.08882258768425785,0.08954972896436637,0.21632367777760098,900
491.25,2.594982094146847,0.0804007660540067,0.10888360909060041,0.22829383929513664,900
495.0,2.5799306378466627,0.07262934598746376,0.1326464874443468,0.22399584925267788,900
498.75,2.565250331187203,0.06547174206911065,0.16294371898538418,0.2001123293601231,900
502.5,2.550939559838742,0.058893919586064956,0.19987731032631992,0.16504740433755052,900
506.25,2.5369961423438876,0.05286422413899852,0.23929443127844635,0.1388616587161568,900
510.0,2.5234174170486523,0.04735324390555641,0.27341093162208374,0.14250656757091648,900
513.75,2.5102002748756433,0.04233372500043562,0.29701389350867624,0.17836756077886334,900
517.5,2.497341113302028,0.03778058924809462,0.31276588814200806,0.22702277098928542,900
521.25,2.4848356683184445,0.03367118578413248,0.3285022122827467,0.26527590648479193,900
525.0,2.472678697034344,0.0299861703739664,0.35185901362056626,0.2792546310356962,900
528.75,2.460863996124973,0.02671227869903132,0.38792896369567553,0.2644528837042316,900
532.5,2.449389824310416,0.02384902579708889,0.4383351734178825,0.22319059739480887,900
536.25,2.4382806548978397,0.021403328012315197,0.4990315962734169,0.1657837289297504,900
540.0,2.427583406049889,0.019351724219610615,0.5580248958799209,0.11277960979657993,900
543.75,2.417327896213021,0.017640641776609855,0.5983993686884435,0.08885508105833434,900
547.5,2.4075199985055833,0.016212108330265877,0.6095153457062575,0.10597578646175837,900
551.25,2.3981503790592655,0.015014502341649309,0.5955942843387214,0.15388498326960595,900
555.0,2.389201469053041,0.014004654314906816,0.5704287288313382,0.21114024377214388,900
558.75,2.3806517056517476,0.013147350240987227,0.5468666078351762,0.2604347344284927,900
562.5,2.37247801912466,0.012414178357909918,0.5324124916552732,0.29319099551850664,900
566.25,2.364657270639319,0.011782322525436331,0.5302052881986018,0.3069212521254242,900
570.0,2.357167061545319,0.011233486658476781,0.5409951605686846,0.3020289195606939,900
573.75,2.349986163423689,0.010752992861959526,0.5642531804345343,0.28023192872544717,900
577.5,2.343094718920813,0.010329046719105943,0.5983180711957199,0.24439151248026575,900
581.25,2.336474305095721,0.00995214768260312,0.6399449777992006,0.19911117513775786,900
585.0,2.330107915995755,0.009614619741197974,0.683796738378809,0.1513683406452312,900
588.75,2.323979899715473,0.009310239426796187,0.7226676380208629,0.1101943175742274,900
592.5,2.318075871834802,0.009033941560036656,0.7491507209885657,0.0845693650555545,900
596.25,2.31238261872596,0.008781586610460648,0.7584154900838224,0.08003277252647223,900
600.0,2.306887998893655,0.008549776684867075,0.7502932654341771,0.09628590045333128,900
603.75,2.3015808471335006,0.008335709811847622,0.7289740089634549,0.12779936149797794,900
607.5,2.2964508841535487,0.008137064361960752,0.7007035700461179,0.16678429184851426,900
611.25,2.291488632959867,0.007951907185443082,0.671368636365469,0.2061387805991041,900
615.0,2.2866853424756464,0.0077786204313889,0.6452461372181534,0.24087199160274558,900
618.75,2.2820329183620633,0.007615843100729867,0.624885902700063,0.2681420428333664,900
622.5,2.2775238607201524,0.007462424238824395,0.611530545710848,0.2866808071159191,900
626.25,2.273151208199051,0.007317385341085889,0.6056015065535433,0.296177571421129,900
630.0,2.268908487967316,0.007179890066691475,0.6070534275350448,0.29684482777991394,900
633.75,2.2647896709875686,0.0070492197628246826,0.6155669472021602,0.2891879781906179,900
637.5,2.26078913204959,0.0069247536202265815,0.630610183191178,0.2739340722575289,900
641.25,2.25690161404918,0.0068059525297444945,0.6514087753255842,0.2520677836270949,900
645.0,2.2531221960411316,0.006692345904436159,0.6768630650942629,0.22492726357871523,900
648.75,2.249446264638872,0.006583520884566585,0.7054555769433857,0.1943089915597565,900
652.5,2.2458694883775125,0.006479113462813947,0.735204042897754,0.16251806181116696,900
656.25,2.242387794699187,0.006378801161394624,0.7637243763633045,0.1322909812665083,900
660.0,2.238997349258698,0.006282296967228217,0.788454236301396,0.10653516803937028,900
663.75,2.2356945372830825,0.006189344290042824,0.8070333358554769,0.08789294032892758,900
667.5,2.232475946750679,0.006099712754854351,0.8177499464795449,0.07823704338168636,900
671.25,2.229338353183717,0.006013194677174046,0.8198941189211825,0.07828131097640029,900
675.0,2.2262787058736553,0.005929602098660109,0.8138701367843326,0.08747201876037321,900
678.75,2.223294115380556,0.005848764284334559,0.8010253163147816,0.10420224766509051,900
682.5,2.2203818421671153,0.0057705256011891205,0.7832820378085361,0.12624335058403835,900
686.25,2.21753928624502,0.005694743712984102,0.7627265980250237,0.15121540889563126,900
690.0,2.21476397772605,0.005621288038074599,0.7412838311104005,0.176951531883475,900
693.75,2.21205356818312,0.005550038426782907,0.7205322163387091,0.2016981021009797,900
697.5,2.20940582273797,0.005480884022651449,0.7016475693658777,0.2241686943501206,900
701.25,2.2068186128017455,0.005413722278236119,0.6854316829228669,0.24350370741269803,900
705.0,2.2042899094034145,0.005348458101230291,0.6723809714030828,0.25918743707294883,900
708.75,2.2018177770484204,0.00528500311088361,0.6627631503581066,0.27095848735112354,900
712.5,2.199400368056513,0.005223274988083368,0.6566845720803531,0.2787324658166199,900
716.25,2.197035917333277,0.005163196905250035,0.6541415070353521,0.28254383356281837,900
720.0,2.194722737535062,0.005104697024480399,0.6550547304808183,0.28250708380913603,900
723.75,2.1924592145913158,0.005047708054248279,0.659289490231906,0.27879454142358806,900
727.5,2.1902438035521046,0.004992166856519977,0.6666637564079235,0.27162729603197383,900
731.25,2.188075024732169,0.004938014097419758,0.6769476614647532,0.261275880394601,900
735.0,2.185951460125614,0.004885193935641523,0.6898568655099308,0.24806757519804826,900
738.75,2.183871750068226,0.004833653743683048,0.7050425402031549,0.23239732333340307,900
742.5,2.181834590126475,0.004783343857714537,0.7220808505459557,0.21473907423667155,900
746.25,2.1798387281945866,0.004734217352506267,0.7404651663799744,0.1956540267653853,900
750.0,2.1778829617826263,0.00468622983835554,0.7596045582799041,0.17579191754546689,900
753.75,2.175966135480426,0.004639339277384955,0.7788321148595616,0.1558815530672789,900
757.5,2.1740871385833738,0.004593505816949291,0.7974258954746476,0.13670760516681124,900
761.25,2.1722449028676745,0.004548691638195694,0.8146436184086325,0.11907258646816055,900
765.0,2.170438400503452,0.004504860818084045,0.8297694704332935,0.10374589437842938,900
768.75,2.1686666420955585,0.004461979203395354,0.8421681558017342,0.09140535896260925,900
772.5,2.1669286748424317,0.0044200142954462516,0.8513384049343015,0.0825798346297697,900
776.25,2.165223580804455,0.004378935144388828,0.8569567753419657,0.07760279731526462,900
780.0,2.1635504752740076,0.0043387122521136735,0.8589035433803829,0.07658574808410323,900
783.75,2.1619085052398503,0.004299317482893662,0.8572658368359227,0.07941648146310663,900
787.5,2.160296847939349,0.0042607239810080215,0.8523179472259429,0.08578202162903346,900
791.25,2.1587147094924273,0.004222906094675454,0.8444834238234054,0.09521098386049087,900
795.0,2.1571613236117035,0.004185839305701567,0.8342866286601556,0.10712686269255065,900
798.75,2.155635950383672,0.00414950016431289,0.8223022028632517,0.12090303142884609,900
802.5,2.154137875116235,0.004113866228707704,0.8091095718022395,0.13591178701517206,900
806.25,2.1526664072482395,0.004078916008904716,0.7952570598844768,0.151562623437203,900
810.0,2.151220879316975,0.004044628914515078,0.7812374030709133,0.16732796082970028,900
813.75,2.149800645979976,0.0040109852061021006,0.7674741870054518,0.18275699217084512,900
817.5,2.1484050830877077,0.003977965949827292,0.754317333545842,0.1974797923503417,900
821.25,2.1470335868038743,0.003945552975111822,0.7420451857522684,0.21120440853862948,900
825.0,2.1456855727705477,0.003913728835068661,0.7308707821070086,0.22370956617158813,900
828.75,2.144360475315265,0.0038824767694849494,0.7209502996379791,0.2348351747646693,900
832.5,2.1430577466976555,0.003851780670154464,0.7123921623773221,0.24447224137297885,900
836.25,2.141776856393199,0.003821625048379239,0.7052658129647703,0.25255324958635617,900
840.0,2.140517290411929,0.003791995004475742,0.699609559501955,0.2590436128905631,900
843.75,2.1392785506500562,0.003762876199135885,0.6954372159099994,0.2639344829159948,900
847.5,2.1380601542726287,0.0037342548265064898,0.6927434598019478,0.2672369749793222,900
851.25,2.1368616331254238,0.0037061175888627646,0.6915079574108253,0.26897774224288956,900
855.0,2.135682533174434,0.0036784516727619405,0.6916983729055421,0.26919576072922125,900
858.75,2.134522413971438,0.0036512447265729334,0.6932724093154335,0.26794015860024323,900
862.5,2.1333808481441694,0.003624484839286541,0.6961790356975845,0.2652689178317899,900
866.25,2.1322574209097502,0.0035981605205185653,0.7003590511178698,0.26124828289012003,900
870.0,2.1311517296101425,0.003572260681625242,0.7057451277490258,0.25595272153135956,900
873.75,2.130063383268394,0.0035467746178569183,0.7122614673254358,0.2494652927780056,900
877.5,2.128992002164658,0.0035216919914815574,0.7198231996367361,0.2418782841155015,900
881.25,2.1279372174308255,0.003497002815815165,0.7283356494541504,0.2332939832650189,900
885.0,2.1268986706628947,0.0034726974401009052,0.73769359886902,0.22382545001247095,900
888.75,2.1258760135501085,0.0034487665351830453,0.7477806741728713,0.21359715194681292,900
892.5,2.124868907520034,0.0034252010799259744,0.7584689880704744,0.20274532678972132,900
896.25,2.1238770233987356,0.0034019923483321565,0.7696191665698103,0.19141793607392313,900
900.0,2.1229000410853107,0.003379131897316211,0.781080882380163,0.17977408337242737,900
903.75,2.121937649240065,0.003356611555095353,0.7926940001361807,0.1679827881784194,900
907.5,2.120989544985635,0.00333442341015938,0.804290410824894,0.15622103641255655,900
911.25,2.120055433620441,0.00331255980078577,0.8156965921094588,0.1446710717276245,900
915.0,2.1191350283438664,0.0032910133050679945,0.8267368782467414,0.1335169477754156,900
918.75,2.1182280499926,0.003269776731427245,0.8372373606779739,0.1229404274926719,900
922.5,2.117334226787557,0.0032488431095798963,0.8470302733102082,0.11311638573605988,900
926.25,2.116453294091003,0.0032282056819346156,0.8559586524108618,0.10420793840677187,900
930.0,2.1155849941732106,0.0032078578953952256,0.8638810087144997,0.09636157527949356,900
933.75,2.114729075988402,0.003187793393546382,0.8706757175997917,0.08970260586552842,900
937.5,2.1138852949593914,0.003168006009201201,0.8762448291248975,0.08433123044532984,900
941.25,2.113053412770608,0.0031484897572909157,0.8805170269830738,0.0803195182037843,900
945.0,2.1122331971691084,0.003129238828078013,0.8834495231220724,0.07770951237703233,900
948.75,2.111424421773172,0.0031102475806756074,0.8850287570097443,0.07651259482993872,900
952.5,2.1106268658882144,0.0030915105368565874,0.8852698653320166,0.0767101402034053,900
956.25,2.109840314329578,0.003073022375137504,0.8842149868755788,0.07825538583427954,900
960.0,2.1090645572520446,0.0030547779251225383,0.8819305559524475,0.08107635122156608,900
963.75,2.1082993899856315,0.003036772162094341,0.8785038055927189,0.08507957069522146,900
967.5,2.1075446128774806,0.0030190002018389483,0.8740387423397354,0.09015436181813463,900
971.25,2.106800031139553,0.003001457295692819,0.868651865914347,0.09617734170934636,900
975.0,2.1060654547018727,0.0029841388258008772,0.8624678917198065,0.10301692112604091,900
978.75,2.1053406980710743,0.0029670403005749276,0.8556156978838838,0.11053754556450604,900
982.5,2.1046255801940905,0.0029501573503424544,0.8482246688263645,0.11860350579242897,900
986.25,2.103919924326648,0.002933485723176546,0.8404215520116138,0.12708219885540997,900
990.0,2.1032235579064835,0.0029170212808979495,0.8323278904422956,0.1358467775411647,900
993.75,2.102536312431011,0.002900759995241018,0.8240580456807208,0.1447781762390097,900
997.5,2.1018580233392936,0.002884697944175591,0.815717787849004,0.15376654093876893,900
1001.25,2.1011885298981228,0.0028688313083773923,0.8074034013759352,0.16271211959449466,900
1005.0,2.1005276750920525,0.00285315636783992,0.7992012379438366,0.1715256866224939,900
1008.75,2.0998753055172026,0.0028376694986211393,0.7911876398450274,0.1801285833442597,900
1012.5,2.09923127127871,0.0028223671697187353,0.7834291559478714,0.1884524567004898,900
1016.25,2.098595425891674,0.002807245940067889,0.7759829767099413,0.19643877366551862,900
1020.0,2.0979676261854228,0.002792302455656047,0.7688975222988385,0.20403818044591343,900
1023.75,2.097347732211036,0.0027775334467492335,0.762213127314231,0.21120976540287248,900
1027.5,2.0967356071519134,0.002762935725224955,0.7559627756245864,0.21792027396733607,900
1031.25,2.0961311172373494,0.0027485061820067993,0.7501728485697947,0.22414331351566993,900
1035.0,2.095534131658945,0.00273424178459624,0.7448638586793135,0.2298585768102233,900
1038.75,2.0949445224897567,0.002720139574697353,0.7400511488107168,0.23505110448586267,900
1042.5,2.0943621646061,0.0027061966659302663,0.7357455431109277,0.2397106002874995,900
1046.25,2.093786935611889,0.002692410241629541,0.7319539414571904,0.24383080730735832,900
1050.0,2.093218715765381,0.002678777552723787,0.7286798531444729,0.24740894922360765,900
1053.75,2.0926573879083525,0.0026652959156928777,0.7259238686914689,0.25044523734994445,900
1057.5,2.092102837397425,0.0026519627105996814,0.7236840708968295,0.252942441998679,900
1061.25,2.09155495203767,0.002638775379192851,0.7219563878480966,0.25490552507031033,900
1065.0,2.09101362201825,0.0026257314230778844,0.7207348916130589,0.2563413297569138,900
1068.75,2.090478739850096,0.0026128284019534625,0.7200120469549117,0.25725832265019494,900
1072.5,2.0899502003055326,0.002600063931910397,0.7197789147165202,0.2576663832647823,900
1076.25,2.0894279003597798,0.0025874356837905276,0.7200253146038539,0.2575766359306953,900
1080.0,2.088911739134243,0.0025749413816032,0.7207399520348046,0.2570013191027569,900
1083.75,2.08840161784156,0.0025625788009968264,0.7219105135615598,0.25595368732241963,900
1087.5,2.087897439732329,0.0025503457677833953,0.7235237351639334,0.2544479413066414,900
1091.25,2.0873991100434606,0.0025382401565137176,0.7255654474772323,0.2524991818982773,900
1095.0,2.086906535948047,0.002526259889101465,0.7280206017826387,0.2501233838716657,900
1098.75,2.0864196265068133,0.002514402933493875,0.7308732803639777,0.2473373858319235,900
1102.5,2.0859382926209453,0.002502667302387479,0.7341066946307244,0.2441588926687215,900
1106.25,2.0854624469863787,0.00249105105198689,0.7377031742259269,0.24060648722221092,900
1110.0,2.0849920040494068,0.0024795522808050935,0.7416441501800657,0.23669964799001328,900
1113.75,2.084526879963629,0.0024681691285035126,0.7459101350344638,0.23245876985337946,900
1117.5,2.0840669925481063,0.002456899774770431,0.750480702736312,0.22790518493252498,900
1121.25,2.0836122612468064,0.0024457424382361512,0.7553344709947034,0.22306118080303322,900
1125.0,2.0831626070891756,0.002434695375423561,0.7604490886764598,0.21795001342442671,900
1128.75,2.082717952651865,0.002423756879732787,0.7658012307028086,0.2125959122579355,900
1132.5,2.0822782220215563,0.002412925280458573,0.7713666027750287,0.20702407519164792,900
1136.25,2.0818433407588772,0.0024021989418391313,0.7771199580999952,0.20126065105694296,900
1140.0,2.08141323586327,0.0023915762621354443,0.7830351280971103,0.19533270771862085,900
1143.75,2.080987835738956,0.0023810556727396465,0.7890850688384207,0.18926818396066578,900
1147.5,2.080567070161766,0.0023706356373116326,0.7952419246988758,0.18309582367517013,900
1151.25,2.080150870246968,0.0023603146509426826,0.8014771103680646,0.17684509119925487,900
1155.0,2.079739168417956,0.0023500912393452254,0.8077614119978884,0.17054606703432632,900
1158.75,2.0793318983758295,0.0023399639580677146,0.8140651078324044,0.1642293236236903,900
1162.5,2.078928995069793,0.0023299313917337773,0.8203581081912157,0.1579257813534311,900
1166.25,2.0785303946683995,0.0023199921533046575,0.8266101141633225,0.15166654547026098,900
1170.0,2.0781360345315507,0.0023101448833642534,0.832790793825638,0.1454827251669843,900
1173.75,2.0777458531832913,0.0023003882494258077,0.8388699742432186,0.1394052366569417,900
1177.5,2.077359790285319,0.002290720945259579,0.8448178469545544,0.13346459262502078,900
1181.25,2.0769777866112116,0.002281141690240736,0.8506051841142652,0.1276906809845236,900
1185.0,2.07659978402137,0.002271649228716687,0.8562035619789307,0.122112536364271,900
1188.75,2.0762257254386065,0.002262242329393298,0.8615855880014437,0.11675810817624671,900
1192.5,2.0758555548244026,0.0022529197847392167,0.866725127466234,0.11165402944944108,900
1196.25,2.0754892171557886,0.0022436804104077677,0.8715975253714928,0.1068253908403489,900
1200.0,2.075126658402826,0.0022345230446757804,0.8761798191608822,0.10229552432898643,900
